{
  "accuracy": {
    "mean": 0.8257575757575757,
    "std": 0.029825787401559913
  },
  "f1": {
    "mean": 0.8781368178716512,
    "std": 0.01931914706492425
  },
  "auc": {
    "mean": 0.9099562645064149,
    "std": 0.01476063268404288
  }
}