{
  "accuracy": {
    "mean": 0.793939393939394,
    "std": 0.03090314856722896
  },
  "f1": {
    "mean": 0.7535682023486902,
    "std": 0.0507681624848775
  },
  "auc": {
    "mean": 0.8324657222506685,
    "std": 0.05776237031020517
  }
}