{
  "accuracy": {
    "mean": 0.9655172413793104,
    "std": 0.0
  },
  "f1": {
    "mean": 0.9715934210033345,
    "std": 0.0032141387482005008
  },
  "auc": {
    "mean": 1.0,
    "std": 0.0
  }
}