{
  "accuracy": {
    "mean": 0.9166666666666666,
    "std": 0.014172944646870977
  },
  "f1": {
    "mean": 0.9376352916175925,
    "std": 0.013197318877129388
  },
  "auc": {
    "mean": 0.960008071272171,
    "std": 0.012650535577716095
  }
}