{
  "accuracy": {
    "mean": 0.8505747126436782,
    "std": 0.0708553333674595
  },
  "f1": {
    "mean": 0.8811447811447811,
    "std": 0.0633301022880881
  },
  "auc": {
    "mean": 0.9466153127917835,
    "std": 0.035272914527813344
  }
}