{
  "accuracy": {
    "mean": 0.8850574712643677,
    "std": 0.016255328303139055
  },
  "f1": {
    "mean": 0.9093670427960241,
    "std": 0.01937291359153167
  },
  "auc": {
    "mean": 0.9708164983164984,
    "std": 0.0022174663423479915
  }
}