{
  "accuracy": {
    "mean": 0.7407407407407408,
    "std": 0.06928995160692487
  },
  "f1": {
    "mean": 0.5945165945165944,
    "std": 0.052108138774221616
  },
  "auc": {
    "mean": 0.7993827160493828,
    "std": 0.10430089659701115
  }
}