{
  "accuracy": {
    "mean": 0.8000000000000002,
    "std": 0.014845392380504113
  },
  "f1": {
    "mean": 0.7641509433962265,
    "std": 0.045466086973403354
  },
  "auc": {
    "mean": 0.8468453092109006,
    "std": 0.0337728992582293
  }
}