{
  "accuracy": {
    "mean": 0.8045977011494253,
    "std": 0.058609419696468774
  },
  "f1": {
    "mean": 0.8257153474544778,
    "std": 0.09582471401007653
  },
  "auc": {
    "mean": 0.9415732959850606,
    "std": 0.03715826140196461
  }
}