{
  "accuracy": {
    "mean": 0.8563218390804598,
    "std": 0.043007556169815456
  },
  "f1": {
    "mean": 0.8927731092436976,
    "std": 0.035475590546979234
  },
  "auc": {
    "mean": 0.9383333333333335,
    "std": 0.017283405839214287
  }
}