{
  "accuracy": {
    "mean": 0.9772727272727272,
    "std": 0.00927837023781506
  },
  "f1": {
    "mean": 0.9823685345363419,
    "std": 0.007921903248429034
  },
  "auc": {
    "mean": 0.9971929175738814,
    "std": 0.0014821632773199028
  }
}