{
  "accuracy": {
    "mean": 0.7407407407407408,
    "std": 0.05237828008789243
  },
  "f1": {
    "mean": 0.5833333333333334,
    "std": 0.14337208778404376
  },
  "auc": {
    "mean": 0.8662037037037037,
    "std": 0.017210768792075077
  }
}