{
  "docked_noaug_val10": {
    "accuracy": {
      "mean": 0.7407407407407408,
      "std": 0.05237828008789243
    },
    "f1": {
      "mean": 0.5833333333333334,
      "std": 0.14337208778404376
    },
    "auc": {
      "mean": 0.8662037037037037,
      "std": 0.017210768792075077
    }
  },
  "docked_noaug_val20": {
    "accuracy": {
      "mean": 0.8055555555555557,
      "std": 0.022680460581325734
    },
    "f1": {
      "mean": 0.7366459627329194,
      "std": 0.04543935691471278
    },
    "auc": {
      "mean": 0.8265223331195554,
      "std": 0.06665433003336163
    }
  },
  "docked_noaug_val30": {
    "accuracy": {
      "mean": 0.793939393939394,
      "std": 0.03090314856722896
    },
    "f1": {
      "mean": 0.7535682023486902,
      "std": 0.0507681624848775
    },
    "auc": {
      "mean": 0.8324657222506685,
      "std": 0.05776237031020517
    }
  },
  "docked_aug10_val10": {
    "accuracy": {
      "mean": 0.7777777777777778,
      "std": 0.0785674201318386
    },
    "f1": {
      "mean": 0.6707070707070707,
      "std": 0.10395701276984735
    },
    "auc": {
      "mean": 0.9125514403292181,
      "std": 0.05201835732595506
    }
  },
  "docked_aug10_val20": {
    "accuracy": {
      "mean": 0.7870370370370371,
      "std": 0.013094570021973107
    },
    "f1": {
      "mean": 0.7070977331846896,
      "std": 0.018601548782682307
    },
    "auc": {
      "mean": 0.8861555368499813,
      "std": 0.020682457752758343
    }
  },
  "docked_aug10_val30": {
    "accuracy": {
      "mean": 0.8000000000000002,
      "std": 0.014845392380504113
    },
    "f1": {
      "mean": 0.7641509433962265,
      "std": 0.045466086973403354
    },
    "auc": {
      "mean": 0.8468453092109006,
      "std": 0.0337728992582293
    }
  },
  "docked_aug15_val10": {
    "accuracy": {
      "mean": 0.7407407407407408,
      "std": 0.06928995160692487
    },
    "f1": {
      "mean": 0.5945165945165944,
      "std": 0.052108138774221616
    },
    "auc": {
      "mean": 0.7993827160493828,
      "std": 0.10430089659701115
    }
  },
  "docked_aug15_val20": {
    "accuracy": {
      "mean": 0.7222222222222222,
      "std": 0.04536092116265147
    },
    "f1": {
      "mean": 0.6513888888888889,
      "std": 0.037319524562623343
    },
    "auc": {
      "mean": 0.8274666305916306,
      "std": 0.013778174248451344
    }
  },
  "docked_aug15_val30": {
    "accuracy": {
      "mean": 0.7696969696969697,
      "std": 0.045353422869987184
    },
    "f1": {
      "mean": 0.7317901234567902,
      "std": 0.04236610024814939
    },
    "auc": {
      "mean": 0.8350329976674064,
      "std": 0.03023753506501733
    }
  }
}