{
  "accuracy": {
    "mean": 0.9583333333333334,
    "std": 0.014172944646870977
  },
  "f1": {
    "mean": 0.9691239252988114,
    "std": 0.009544707933645789
  },
  "auc": {
    "mean": 0.997758413960657,
    "std": 0.0011282975914980974
  }
}