{
  "accuracy": {
    "mean": 0.9770114942528735,
    "std": 0.008127664151569475
  },
  "f1": {
    "mean": 0.9814104591030101,
    "std": 0.007664246227690286
  },
  "auc": {
    "mean": 0.9995791245791246,
    "std": 0.0005952077282714692
  }
}