{
  "accuracy": {
    "mean": 0.9597701149425287,
    "std": 0.008127664151569527
  },
  "f1": {
    "mean": 0.967914653784219,
    "std": 0.00813543240305381
  },
  "auc": {
    "mean": 0.997003367003367,
    "std": 0.0005778115253107723
  }
}