{
  "accuracy": {
    "mean": 0.810344827586207,
    "std": 0.061362518689835145
  },
  "f1": {
    "mean": 0.8674304605563155,
    "std": 0.04531170209055336
  },
  "auc": {
    "mean": 0.9133249158249157,
    "std": 0.0033877517281340336
  }
}