{
  "accuracy": {
    "mean": 0.9195402298850576,
    "std": 0.032510656606278054
  },
  "f1": {
    "mean": 0.9399980625787078,
    "std": 0.020481466395435115
  },
  "auc": {
    "mean": 1.0,
    "std": 0.0
  }
}