{
  "accuracy": {
    "mean": 0.8055555555555557,
    "std": 0.022680460581325734
  },
  "f1": {
    "mean": 0.7366459627329194,
    "std": 0.04543935691471278
  },
  "auc": {
    "mean": 0.8265223331195554,
    "std": 0.06665433003336163
  }
}