{
  "accuracy": {
    "mean": 0.9770114942528735,
    "std": 0.008127664151569475
  },
  "f1": {
    "mean": 0.9815146420482619,
    "std": 0.007745854487150863
  },
  "auc": {
    "mean": 0.9979629629629629,
    "std": 0.002053734057294865
  }
}