{
  "accuracy": {
    "mean": 0.8560606060606061,
    "std": 0.02982578740155986
  },
  "f1": {
    "mean": 0.8994506578298518,
    "std": 0.02251982242586245
  },
  "auc": {
    "mean": 0.9342035833076987,
    "std": 0.008817078102058546
  }
}