{
  "accuracy": {
    "mean": 0.9770114942528737,
    "std": 0.016255328303139003
  },
  "f1": {
    "mean": 0.9797235023041475,
    "std": 0.014416427903717433
  },
  "auc": {
    "mean": 1.0,
    "std": 0.0
  }
}