{
  "scratch_noaug_val10": {
    "accuracy": {
      "mean": 0.8505747126436782,
      "std": 0.0708553333674595
    },
    "f1": {
      "mean": 0.8811447811447811,
      "std": 0.0633301022880881
    },
    "auc": {
      "mean": 0.9466153127917835,
      "std": 0.035272914527813344
    }
  },
  "scratch_noaug_val20": {
    "accuracy": {
      "mean": 0.8850574712643677,
      "std": 0.016255328303139055
    },
    "f1": {
      "mean": 0.9093670427960241,
      "std": 0.01937291359153167
    },
    "auc": {
      "mean": 0.9708164983164984,
      "std": 0.0022174663423479915
    }
  },
  "scratch_noaug_val30": {
    "accuracy": {
      "mean": 0.9166666666666666,
      "std": 0.014172944646870977
    },
    "f1": {
      "mean": 0.9376352916175925,
      "std": 0.013197318877129388
    },
    "auc": {
      "mean": 0.960008071272171,
      "std": 0.012650535577716095
    }
  },
  "scratch_aug10_val10": {
    "accuracy": {
      "mean": 0.8275862068965516,
      "std": 0.07449127239549264
    },
    "f1": {
      "mean": 0.8686159844054582,
      "std": 0.0661367629551547
    },
    "auc": {
      "mean": 0.9411764705882354,
      "std": 0.035999211295344495
    }
  },
  "scratch_aug10_val20": {
    "accuracy": {
      "mean": 0.8563218390804598,
      "std": 0.043007556169815456
    },
    "f1": {
      "mean": 0.8927731092436976,
      "std": 0.035475590546979234
    },
    "auc": {
      "mean": 0.9383333333333335,
      "std": 0.017283405839214287
    }
  },
  "scratch_aug10_val30": {
    "accuracy": {
      "mean": 0.8560606060606061,
      "std": 0.02982578740155986
    },
    "f1": {
      "mean": 0.8994506578298518,
      "std": 0.02251982242586245
    },
    "auc": {
      "mean": 0.9342035833076987,
      "std": 0.008817078102058546
    }
  },
  "scratch_aug15_val10": {
    "accuracy": {
      "mean": 0.8045977011494253,
      "std": 0.058609419696468774
    },
    "f1": {
      "mean": 0.8257153474544778,
      "std": 0.09582471401007653
    },
    "auc": {
      "mean": 0.9415732959850606,
      "std": 0.03715826140196461
    }
  },
  "scratch_aug15_val20": {
    "accuracy": {
      "mean": 0.810344827586207,
      "std": 0.061362518689835145
    },
    "f1": {
      "mean": 0.8674304605563155,
      "std": 0.04531170209055336
    },
    "auc": {
      "mean": 0.9133249158249157,
      "std": 0.0033877517281340336
    }
  },
  "scratch_aug15_val30": {
    "accuracy": {
      "mean": 0.8257575757575757,
      "std": 0.029825787401559913
    },
    "f1": {
      "mean": 0.8781368178716512,
      "std": 0.01931914706492425
    },
    "auc": {
      "mean": 0.9099562645064149,
      "std": 0.01476063268404288
    }
  },
  "pretrained_noaug_val10": {
    "accuracy": {
      "mean": 0.9770114942528737,
      "std": 0.016255328303139003
    },
    "f1": {
      "mean": 0.9797235023041475,
      "std": 0.014416427903717433
    },
    "auc": {
      "mean": 1.0,
      "std": 0.0
    }
  },
  "pretrained_noaug_val20": {
    "accuracy": {
      "mean": 0.9770114942528735,
      "std": 0.008127664151569475
    },
    "f1": {
      "mean": 0.9815146420482619,
      "std": 0.007745854487150863
    },
    "auc": {
      "mean": 0.9979629629629629,
      "std": 0.002053734057294865
    }
  },
  "pretrained_noaug_val30": {
    "accuracy": {
      "mean": 0.9772727272727272,
      "std": 0.00927837023781506
    },
    "f1": {
      "mean": 0.9823685345363419,
      "std": 0.007921903248429034
    },
    "auc": {
      "mean": 0.9971929175738814,
      "std": 0.0014821632773199028
    }
  },
  "pretrained_aug10_val10": {
    "accuracy": {
      "mean": 0.9195402298850576,
      "std": 0.032510656606278054
    },
    "f1": {
      "mean": 0.9399980625787078,
      "std": 0.020481466395435115
    },
    "auc": {
      "mean": 1.0,
      "std": 0.0
    }
  },
  "pretrained_aug10_val20": {
    "accuracy": {
      "mean": 0.9770114942528735,
      "std": 0.008127664151569475
    },
    "f1": {
      "mean": 0.9814104591030101,
      "std": 0.007664246227690286
    },
    "auc": {
      "mean": 0.9995791245791246,
      "std": 0.0005952077282714692
    }
  },
  "pretrained_aug10_val30": {
    "accuracy": {
      "mean": 0.9583333333333334,
      "std": 0.014172944646870977
    },
    "f1": {
      "mean": 0.9691239252988114,
      "std": 0.009544707933645789
    },
    "auc": {
      "mean": 0.997758413960657,
      "std": 0.0011282975914980974
    }
  },
  "pretrained_aug15_val10": {
    "accuracy": {
      "mean": 0.9655172413793104,
      "std": 0.0
    },
    "f1": {
      "mean": 0.9715934210033345,
      "std": 0.0032141387482005008
    },
    "auc": {
      "mean": 1.0,
      "std": 0.0
    }
  },
  "pretrained_aug15_val20": {
    "accuracy": {
      "mean": 0.9597701149425287,
      "std": 0.008127664151569527
    },
    "f1": {
      "mean": 0.967914653784219,
      "std": 0.00813543240305381
    },
    "auc": {
      "mean": 0.997003367003367,
      "std": 0.0005778115253107723
    }
  },
  "pretrained_aug15_val30": {
    "accuracy": {
      "mean": 0.9204545454545454,
      "std": 0.06428243465332249
    },
    "f1": {
      "mean": 0.932190556267531,
      "std": 0.05920268899382595
    },
    "auc": {
      "mean": 0.9979404026334274,
      "std": 0.0017868095484849101
    }
  }
}