{
  "accuracy": {
    "mean": 0.7777777777777778,
    "std": 0.0785674201318386
  },
  "f1": {
    "mean": 0.6707070707070707,
    "std": 0.10395701276984735
  },
  "auc": {
    "mean": 0.9125514403292181,
    "std": 0.05201835732595506
  }
}