{
  "accuracy": {
    "mean": 0.7870370370370371,
    "std": 0.013094570021973107
  },
  "f1": {
    "mean": 0.7070977331846896,
    "std": 0.018601548782682307
  },
  "auc": {
    "mean": 0.8861555368499813,
    "std": 0.020682457752758343
  }
}