{
  "accuracy": {
    "mean": 0.7222222222222222,
    "std": 0.04536092116265147
  },
  "f1": {
    "mean": 0.6513888888888889,
    "std": 0.037319524562623343
  },
  "auc": {
    "mean": 0.8274666305916306,
    "std": 0.013778174248451344
  }
}