{
  "accuracy": {
    "mean": 0.7696969696969697,
    "std": 0.045353422869987184
  },
  "f1": {
    "mean": 0.7317901234567902,
    "std": 0.04236610024814939
  },
  "auc": {
    "mean": 0.8350329976674064,
    "std": 0.03023753506501733
  }
}