{
  "accuracy": {
    "mean": 0.8275862068965516,
    "std": 0.07449127239549264
  },
  "f1": {
    "mean": 0.8686159844054582,
    "std": 0.0661367629551547
  },
  "auc": {
    "mean": 0.9411764705882354,
    "std": 0.035999211295344495
  }
}