{
  "accuracy": {
    "mean": 0.9204545454545454,
    "std": 0.06428243465332249
  },
  "f1": {
    "mean": 0.932190556267531,
    "std": 0.05920268899382595
  },
  "auc": {
    "mean": 0.9979404026334274,
    "std": 0.0017868095484849101
  }
}